{
  "0": 0.6197994987468671,
  "1": 2.5868200836820083
}