{
  "accuracy": [
    0.6178730130195618,
    0.8075212240219116,
    0.8143954873085022,
    0.8321876525878906,
    0.823291540145874,
    0.8184391260147095,
    0.8160129189491272,
    0.8172260522842407,
    0.8208653330802917,
    0.8265264630317688,
    0.8309745192527771,
    0.8362312912940979,
    0.8406793475151062,
    0.845936119556427,
    0.851597249507904,
    0.8544278144836426,
    0.8556409478187561,
    0.8600889444351196,
    0.8625151515007019,
    0.8653457164764404,
    0.868176281452179,
    0.8750505447387695,
    0.8778811097145081,
    0.8811160326004028,
    0.8859684467315674,
    0.8892033696174622,
    0.8908208608627319,
    0.8936514258384705,
    0.8952689170837402,
    0.8993125557899475,
    0.9033562541007996,
    0.9057824611663818,
    0.9078043103218079,
    0.9090173840522766,
    0.9130610823631287,
    0.9142741560935974,
    0.9171047210693359,
    0.9179134368896484,
    0.9199352860450745,
    0.9207440614700317,
    0.921148419380188,
    0.9215527772903442,
    0.9231702089309692,
    0.9239789843559265,
    0.9251920580863953,
    0.926809549331665,
    0.9264051914215088,
    0.9276182651519775,
    0.9276182651519775,
    0.9288313984870911,
    0.9300444722175598,
    0.9312576055526733,
    0.9324706792831421,
    0.9340881705284119,
    0.9340881705284119,
    0.9336838126182556,
    0.9348968863487244,
    0.9357056021690369,
    0.9353012442588806,
    0.9361099600791931,
    0.9365143775939941,
    0.9365143775939941,
    0.9365143775939941,
    0.9373230934143066,
    0.9381318092346191,
    0.9381318092346191,
    0.9381318092346191,
    0.9389405846595764,
    0.9389405846595764,
    0.9389405846595764,
    0.9393449425697327,
    0.9389405846595764,
    0.9393449425697327,
    0.9397493004798889,
    0.9405580163002014,
    0.9409623742103577,
    0.9413667321205139,
    0.9413667321205139,
    0.9409623742103577,
    0.9409623742103577
  ],
  "loss": [
    0.6684244275093079,
    0.6380270719528198,
    0.5841604471206665,
    0.5300605893135071,
    0.48497503995895386,
    0.44895225763320923,
    0.4217706620693207,
    0.4013425409793854,
    0.3854469358921051,
    0.3722306191921234,
    0.36037853360176086,
    0.3489750325679779,
    0.33816462755203247,
    0.3280535638332367,
    0.31824302673339844,
    0.308598130941391,
    0.29932576417922974,
    0.29037025570869446,
    0.28152161836624146,
    0.273158997297287,
    0.26527708768844604,
    0.25774165987968445,
    0.2505515515804291,
    0.24372845888137817,
    0.23726794123649597,
    0.23109711706638336,
    0.22526967525482178,
    0.2197517305612564,
    0.21456189453601837,
    0.20966970920562744,
    0.20505350828170776,
    0.200714573264122,
    0.1966329962015152,
    0.1927681267261505,
    0.18916146457195282,
    0.1858367919921875,
    0.18273994326591492,
    0.17981484532356262,
    0.1769951730966568,
    0.17432783544063568,
    0.17183472216129303,
    0.16947655379772186,
    0.16730551421642303,
    0.165270134806633,
    0.1633141189813614,
    0.16142632067203522,
    0.15969021618366241,
    0.15804116427898407,
    0.1564451903104782,
    0.1548326015472412,
    0.15322725474834442,
    0.15176726877689362,
    0.15039388835430145,
    0.14906737208366394,
    0.14780625700950623,
    0.14666658639907837,
    0.1455637663602829,
    0.14457440376281738,
    0.14362949132919312,
    0.14273864030838013,
    0.1418793499469757,
    0.1410084217786789,
    0.14023718237876892,
    0.1394175887107849,
    0.1386481374502182,
    0.13783635199069977,
    0.13710671663284302,
    0.13621018826961517,
    0.13537468016147614,
    0.13457122445106506,
    0.1336876004934311,
    0.13279645144939423,
    0.13198477029800415,
    0.13127723336219788,
    0.13070201873779297,
    0.13011029362678528,
    0.12958180904388428,
    0.12908121943473816,
    0.12859299778938293,
    0.12814997136592865
  ],
  "val_accuracy": [
    0.7660377621650696,
    0.7905660271644592,
    0.8169811367988586,
    0.8245282769203186,
    0.8339622616767883,
    0.8358490467071533,
    0.8339622616767883,
    0.8358490467071533,
    0.8377358317375183,
    0.8396226167678833,
    0.8415094614028931,
    0.847169816493988,
    0.850943386554718,
    0.854716956615448,
    0.8584905862808228,
    0.854716956615448,
    0.8622641563415527,
    0.8660377264022827,
    0.8698112964630127,
    0.8698112964630127,
    0.8698112964630127,
    0.8735849261283875,
    0.8811320662498474,
    0.8830188512802124,
    0.8830188512802124,
    0.8792452812194824,
    0.8792452812194824,
    0.8792452812194824,
    0.8811320662498474,
    0.8886792659759521,
    0.8886792659759521,
    0.8886792659759521,
    0.8943396210670471,
    0.8943396210670471,
    0.8962264060974121,
    0.9037736058235168,
    0.9037736058235168,
    0.9075471758842468,
    0.9075471758842468,
    0.9075471758842468,
    0.9075471758842468,
    0.9075471758842468,
    0.9075471758842468,
    0.9094339609146118,
    0.9132075309753418,
    0.9132075309753418,
    0.9132075309753418,
    0.9132075309753418,
    0.9150943160057068,
    0.9169811606407166,
    0.9169811606407166,
    0.9188679456710815,
    0.9207547307014465,
    0.9188679456710815,
    0.9188679456710815,
    0.9169811606407166,
    0.9169811606407166,
    0.9188679456710815,
    0.9188679456710815,
    0.9188679456710815,
    0.9188679456710815,
    0.9188679456710815,
    0.9207547307014465,
    0.9226415157318115,
    0.9245283007621765,
    0.9264150857925415,
    0.9264150857925415,
    0.9264150857925415,
    0.9245283007621765,
    0.9264150857925415,
    0.9264150857925415,
    0.9264150857925415,
    0.9264150857925415,
    0.9264150857925415,
    0.9245283007621765,
    0.9245283007621765,
    0.9245283007621765,
    0.9245283007621765,
    0.9245283007621765,
    0.9245283007621765
  ],
  "val_loss": [
    0.6418165564537048,
    0.5962104201316833,
    0.5279018878936768,
    0.48287883400917053,
    0.44990357756614685,
    0.42628195881843567,
    0.4072220027446747,
    0.39249420166015625,
    0.3808440566062927,
    0.3698827624320984,
    0.35971713066101074,
    0.3503587543964386,
    0.340779185295105,
    0.3316405117511749,
    0.3217925727367401,
    0.3127482235431671,
    0.30447065830230713,
    0.2948629558086395,
    0.28702306747436523,
    0.27964669466018677,
    0.27197548747062683,
    0.26506975293159485,
    0.25803259015083313,
    0.25178229808807373,
    0.24586768448352814,
    0.24116016924381256,
    0.2362428456544876,
    0.23164834082126617,
    0.2272743433713913,
    0.22359101474285126,
    0.21996590495109558,
    0.2167169749736786,
    0.21337571740150452,
    0.2103673815727234,
    0.2076720893383026,
    0.20504513382911682,
    0.2026216685771942,
    0.1999395191669464,
    0.1975502371788025,
    0.19555677473545074,
    0.19365008175373077,
    0.19194567203521729,
    0.19019633531570435,
    0.1882084459066391,
    0.1864321529865265,
    0.18502575159072876,
    0.18372081220149994,
    0.1826099455356598,
    0.1809471994638443,
    0.17953236401081085,
    0.1784929633140564,
    0.17736123502254486,
    0.17634527385234833,
    0.17545193433761597,
    0.17469894886016846,
    0.17379429936408997,
    0.17313076555728912,
    0.17233970761299133,
    0.1715964823961258,
    0.17088690400123596,
    0.17026282846927643,
    0.16972891986370087,
    0.1686515510082245,
    0.16807252168655396,
    0.16727930307388306,
    0.1663956642150879,
    0.16567093133926392,
    0.16488324105739594,
    0.1642535775899887,
    0.16345620155334473,
    0.16261078417301178,
    0.16198895871639252,
    0.16150915622711182,
    0.16108037531375885,
    0.160560742020607,
    0.16024696826934814,
    0.15981028974056244,
    0.15939472615718842,
    0.15924236178398132,
    0.1588592529296875
  ],