{
  "accuracy": [
    0.2163364291191101,
    0.42862918972969055,
    0.5964415669441223,
    0.7064294219017029,
    0.7492923736572266,
    0.7610189914703369,
    0.7674888968467712,
    0.772745668888092,
    0.774363100528717,
    0.7767893075942993,
    0.7788111567497253,
    0.7792155146598816,
    0.7824504375457764,
    0.7840679287910461,
    0.7856854200363159,
    0.7877072095870972,
    0.7885159850120544,
    0.7901334166526794,
    0.7917509078979492,
    0.794985830783844,
    0.7974120378494263,
    0.7986251711845398,
    0.7998382449150085,
    0.8010513782501221,
    0.8018600940704346,
    0.8034775853157043,
    0.8038819432258606,
    0.8054993748664856,
    0.8083299398422241,
    0.8087343573570251,
    0.8103517889976501,
    0.8123736381530762,
    0.8143954873085022,
    0.8180347681045532,
    0.8192479014396667,
    0.821674108505249,
    0.8224828243255615,
    0.8249090313911438,
    0.8261221051216125,
    0.8285483121871948,
    0.8305701613426208,
    0.8334007263183594,
    0.8342094421386719,
    0.8390618562698364,
    0.8406793475151062,
    0.8427011966705322,
    0.8431055545806885,
    0.8435099124908447,
    0.845936119556427,
    0.8467448353767395,
    0.8499797582626343,
    0.8507885336875916,
    0.8520016074180603,
    0.8520016074180603,
    0.8540234565734863,
    0.8564496636390686,
    0.8572583794593811,
    0.8580670952796936,
    0.8576627373695374,
    0.8592802286148071,
    0.8604933023452759,
    0.8645370006561279,
    0.8657500743865967,
    0.868176281452179,
    0.8706024885177612,
    0.8726243376731873,
    0.8738374710083008,
    0.8762636184692383,
    0.8786898255348206,
    0.8807116746902466,
    0.8823291659355164,
    0.8835422396659851,
    0.8855640888214111,
    0.8875859379768372,
    0.8883946537971497,
    0.8900121450424194,
    0.8912252187728882,
    0.8908208608627319,
    0.8924383521080017,
    0.8932470679283142
  ],
  "loss": [
    0.7399547696113586,
    0.6871025562286377,
    0.6537943482398987,
    0.6297221183776855,
    0.6087481379508972,
    0.5892830491065979,
    0.5706952214241028,
    0.553481936454773,
    0.5380281805992126,
    0.5239077806472778,
    0.5110009908676147,
    0.4992775022983551,
    0.4887126684188843,
    0.4792601466178894,
    0.4708390533924103,
    0.46328434348106384,
    0.4563448429107666,
    0.4497857689857483,
    0.4434371590614319,
    0.43734341859817505,
    0.43158307671546936,
    0.42613866925239563,
    0.4209727644920349,
    0.41606637835502625,
    0.4113716185092926,
    0.4068675637245178,
    0.4025242030620575,
    0.3983153700828552,
    0.3942248225212097,
    0.3902292847633362,
    0.38628900051116943,
    0.3824039101600647,
    0.3785610795021057,
    0.37470269203186035,
    0.37083113193511963,
    0.36697283387184143,
    0.3631215989589691,
    0.35925766825675964,
    0.3554050326347351,
    0.3515947759151459,
    0.3478168547153473,
    0.34405896067619324,
    0.3403221368789673,
    0.3366052210330963,
    0.3328712284564972,
    0.32919323444366455,
    0.3255603015422821,
    0.3219410479068756,
    0.3183383047580719,
    0.3147655725479126,
    0.311177521944046,
    0.3076207637786865,
    0.30410340428352356,
    0.3006068468093872,
    0.297126829624176,
    0.2937224805355072,
    0.29035937786102295,
    0.28702062368392944,
    0.28369295597076416,
    0.2803468704223633,
    0.2769733667373657,
    0.27357298135757446,
    0.2701660990715027,
    0.26675644516944885,
    0.2633848786354065,
    0.260096937417984,
    0.25685641169548035,
    0.2536901831626892,
    0.2505914866924286,
    0.24755482375621796,
    0.2446080446243286,
    0.24173615872859955,
    0.23896396160125732,
    0.23626254498958588,
    0.2336360067129135,
    0.23105183243751526,
    0.22851133346557617,
    0.22604575753211975,
    0.22363601624965668,
    0.221294566988945
  ],
  "val_accuracy": [
    0.31886792182922363,
    0.498113214969635,
    0.6566037535667419,
    0.7339622378349304,
    0.7528302073478699,
    0.7735849022865295,
    0.7811321020126343,
    0.7867924571037292,
    0.7924528121948242,
    0.7924528121948242,
    0.796226441860199,
    0.7943395972251892,
    0.796226441860199,
    0.800000011920929,
    0.800000011920929,
    0.800000011920929,
    0.800000011920929,
    0.801886796951294,
    0.8037735819816589,
    0.8075471520423889,
    0.8094339370727539,
    0.8094339370727539,
    0.8113207817077637,
    0.8094339370727539,
    0.8113207817077637,
    0.8150943517684937,
    0.8150943517684937,
    0.8188679218292236,
    0.8226414918899536,
    0.8226414918899536,
    0.8226414918899536,
    0.8245282769203186,
    0.8264151215553284,
    0.8283019065856934,
    0.8301886916160583,
    0.8339622616767883,
    0.8396226167678833,
    0.8415094614028931,
    0.8415094614028931,
    0.845283031463623,
    0.845283031463623,
    0.845283031463623,
    0.847169816493988,
    0.847169816493988,
    0.847169816493988,
    0.849056601524353,
    0.849056601524353,
    0.850943386554718,
    0.854716956615448,
    0.854716956615448,
    0.854716956615448,
    0.8584905862808228,
    0.8584905862808228,
    0.8603773713111877,
    0.8603773713111877,
    0.8641509413719177,
    0.8641509413719177,
    0.8660377264022827,
    0.8622641563415527,
    0.8641509413719177,
    0.8660377264022827,
    0.8660377264022827,
    0.8660377264022827,
    0.8660377264022827,
    0.8679245114326477,
    0.8679245114326477,
    0.8716981410980225,
    0.8716981410980225,
    0.8735849261283875,
    0.8735849261283875,
    0.8716981410980225,
    0.8716981410980225,
    0.8735849261283875,
    0.8735849261283875,
    0.8735849261283875,
    0.8735849261283875,
    0.8754717111587524,
    0.8735849261283875,
    0.8716981410980225,
    0.8716981410980225
  ],
  "val_loss": [
    0.7527680397033691,
    0.6938811540603638,
    0.660897970199585,
    0.6333317756652832,
    0.6105732321739197,
    0.5899744629859924,
    0.5707162022590637,
    0.5540692210197449,
    0.5386281609535217,
    0.5243740677833557,
    0.5112926959991455,
    0.4994724988937378,
    0.48896324634552,
    0.4796521067619324,
    0.4714990556240082,
    0.46448376774787903,
    0.45834511518478394,
    0.4520237445831299,
    0.44590818881988525,
    0.4400300085544586,
    0.4346575438976288,
    0.42950379848480225,
    0.4247699975967407,
    0.4200994670391083,
    0.41584765911102295,
    0.4116436541080475,
    0.40767812728881836,
    0.4037909209728241,
    0.3999863862991333,
    0.3961137533187866,
    0.39245593547821045,
    0.3886776864528656,
    0.3842584490776062,
    0.38033679127693176,
    0.37662169337272644,
    0.37308013439178467,
    0.3690796494483948,
    0.36543983221054077,
    0.36214566230773926,
    0.3586565852165222,
    0.3552210330963135,
    0.3512662351131439,
    0.3477027714252472,
    0.3434189260005951,
    0.3401792645454407,
    0.3367384374141693,
    0.3334615230560303,
    0.3296597898006439,
    0.32654935121536255,
    0.32332491874694824,
    0.3199443817138672,
    0.31646567583084106,
    0.31349390745162964,
    0.31020116806030273,
    0.30729198455810547,
    0.30426549911499023,
    0.30116087198257446,
    0.29785242676734924,
    0.29454654455184937,
    0.29102209210395813,
    0.2875339388847351,
    0.28435689210891724,
    0.2812695801258087,
    0.2782684564590454,
    0.27538830041885376,
    0.2727709114551544,
    0.27008673548698425,
    0.26716405153274536,
    0.26454958319664,
    0.2620866298675537,
    0.2597970962524414,
    0.2574353516101837,
    0.2552332878112793,
    0.2530626952648163,
    0.25060948729515076,
    0.24830929934978485,
    0.24631629884243011,
    0.24423378705978394,
    0.24223895370960236,
    0.24030280113220215
  ],